{
  "throughput": {
    "messages_sent": 188381,
    "messages_received": 188380,
    "duration": 5.000070095062256,
    "throughput_sent": 37675.67182428759,
    "throughput_received": 37675.47182709135,
    "loss_rate": 0.0005308390973611988
  },
  "latency": {
    "samples": 1000,
    "min_ms": 0.06686500091745984,
    "max_ms": 0.18519699915486854,
    "mean_ms": 0.08513741703609412,
    "median_ms": 0.08319149947055848,
    "stdev_ms": 0.00797602485599289,
    "p95_ms": 0.09772999874257948,
    "p99_ms": 0.11944499965466093
  },
  "serialization": {
    "iterations": 50000,
    "serialization_total_ms": 164.19231000145373,
    "serialization_per_msg_us": 3.2838462000290747,
    "deserialization_total_ms": 117.4471740014269,
    "deserialization_per_msg_us": 2.348943480028538,
    "total_per_msg_us": 5.632789680057613
  },
  "memory": {
    "num_messages": 5000,
    "initial_memory_mb": 17.59375,
    "peak_memory_mb": 19.33984375,
    "final_memory_mb": 18.57421875,
    "memory_used_mb": 1.74609375,
    "avg_message_size_bytes": 222.8214,
    "total_size_mb": 1.062495231628418
  }
}